"id","m2","habitaciones","estrato","antiguedad","precio"
"V0001","81.1",3,4,9,"411.3"
"V0002","178.7 m2",5,5,9,"$907.9 millones"
"V0003","104.8",3,4,8,"$532.2 millones"
"V0004","197.2",5,3,9,"910.1"
"V0005","208.4",6,3,18,"$987.3 millones"
"V0006","33.9",1,2,14,"200.1"
"V0007","128",3,6,4,"$660.6 millones"
"V0008","199 m2",5,5,4,"$887 millones"
"V0009","132.5 m2",4,6,12,"$725.7 millones"
"V0010","114",3,3,13,"$525.1 millones"
"V0011","211.6",6,5,3,"1014.3"
"V0012","113.4 m2",2,5,7,"$628.3 millones"
"V0013","157.1",6,5,12,"$715.4 millones"
"V0014","136.7 m2",4,4,29,"618.8"
"V0015","45.1",2,3,4,"$222.3 millones"
"V0016","200.5 m2",4,4,6,"$918.1 millones"
"V0017","73",2,5,6,"431.8"
"V0018","33.2",1,5,13,"$251.9 millones"
"V0019","88.9",2,4,15,"463.1"
"V0020","211.1",6,2,10,"$958.8 millones"
"V0021","198.5",5,5,5,"$951.5 millones"
"V0022","160.1 m2",5,5,8,"$772 millones"
"V0023","149.9",5,3,9,"$696.6 millones"
"V0024","218.9",6,3,11,"$1035.7 millones"
"V0025","152.9",4,5,32,"$764.7 millones"
"V0026","163.2 m2",5,6,8,"$804.3 millones"
"V0027","131.1",4,3,13,"$634.1 millones"
"V0028","140.9",3,4,8,"$616.1 millones"
"V0029","81.4",1,4,6,"$423.8 millones"
"V0030","53.7 m2",3,3,18,"$245.9 millones"
"V0031","212.8 m2",6,3,6,"1030.8"
"V0032","200.9",4,3,62,"935"
"V0033","159.7",5,3,13,"$687.4 millones"
"V0034","180.1 m2",5,5,12,"903.5"
"V0035","29.8",1,2,12,"$137.5 millones"
"V0036","118.2 m2",2,3,36,"543.2"
"V0037","172.9",5,5,18,"865.6"
"V0038","67.2",3,3,10,"$360.1 millones"
"V0039","87",3,5,6,"$437.1 millones"
"V0040","70.2 m2",2,5,6,"395.7"
"V0041","52.8",1,4,7,"278"
"V0042","105.8",3,4,25,"$553.7 millones"
"V0043","105.7",3,6,11,"$509.7 millones"
"V0044","96.9",3,3,8,"499.2"
"V0045","54.7",1,5,19,"347.7"
"V0046","52.1 m2",2,6,27,"$224.6 millones"
"V0047","70.4 m2",1,4,8,"$389.8 millones"
"V0048","115.9",3,4,9,"563.5"
"V0049","76.9 m2",3,5,15,"412.4"
"V0050","192.3 m2",6,2,12,"877.6"
"V0051","33.9",1,2,15,"$191.3 millones"
"V0052","111.2 m2",3,4,34,"$561 millones"
"V0053","180.8",6,4,12,"881.8"
"V0054","48.8",1,2,10,"$238.4 millones"
"V0055","134.4 m2",4,6,16,"$669.3 millones"
"V0056","65.3 m2",1,5,12,"$355 millones"
"V0057","49.9",2,3,17,"249.1"
"V0058","171.9",5,5,10,"846.7"
"V0059","199.5",6,2,16,"890.2"
"V0060","98",3,3,5,"$499.5 millones"
"V0061","154.7",5,5,12,"$731.6 millones"
"V0062","43.5",2,2,9,"$174 millones"
"V0063","99.9",4,3,6,"497.5"
"V0064","78.5 m2",2,6,9,"$448.5 millones"
"V0065","183.9",4,4,15,"$906.3 millones"
"V0066","112.5",3,3,13,"562.6"
"V0067","183",5,4,18,"875.7"
"V0068","183.4",5,3,21,"874.2"
"V0069",NA,6,3,20,"$809.1 millones"
"V0070","110.8",4,2,10,"$486.4 millones"
"V0071","172.1",5,2,5,"764"
"V0072","147.7",4,3,10,"$703 millones"
"V0073","163.5",5,4,24,"$796.4 millones"
"V0074","25.1 m2",1,6,11,"221.3"
"V0075","117.7",3,6,4,"661"
"V0076","67.9",1,5,16,"377.6"
"V0077","99.1",2,6,14,"$520.9 millones"
"V0078","144.5",3,5,9,"$698.2 millones"
"V0079","93.6",2,4,13,"$478.4 millones"
"V0080","46.7",1,4,27,"246.6"
"V0081","72.5",2,5,26,"370.7"
"V0082","155.3",5,6,9,"761.3"
"V0083","106.4",3,4,12,"499"
"V0084","178.7",4,6,5,"$860.7 millones"
"V0085","45.1",1,3,8,"$285.6 millones"
"V0086","109.8",3,4,40,"529.6"
"V0087","217.1",6,2,29,"$970.8 millones"
"V0088","199.1",6,6,10,"$930.6 millones"
"V0089","197.9",5,2,8,"919.9"
"V0090","59.1",1,3,5,"$292 millones"
"V0091","50.5",1,4,43,"250.3"
"V0092","152.4",5,4,13,"$729.2 millones"
"V0093","92 m2",3,3,8,"$475.9 millones"
"V0094","153.1",4,4,23,"$728.5 millones"
"V0095","87.5",1,4,6,"$443.6 millones"
"V0096","61.6",3,4,19,"393.2"
"V0097","177.5",5,5,28,"$884 millones"
"V0098","43.3",1,2,11,"220"
"V0099","116",4,4,29,"$536.9 millones"
"V0100","124.7 m2",2,4,18,"$642.1 millones"
"V0101","142",4,4,8,"$664.6 millones"
"V0102","89.9",1,4,17,"$449.5 millones"
"V0103","120.3",3,6,8,"$650.5 millones"
"V0104","211.1",6,4,9,"$990.4 millones"
"V0105","119.2 m2",2,6,19,"600.2"
"V0106","198.6",6,2,9,"929.7"
"V0107","203.3",6,3,12,"954.4"
"V0108","143.7 m2",3,3,22,"666.6"
"V0109","105.1",3,2,6,"$491.9 millones"
"V0110","53.7",2,3,31,"$269.4 millones"
"V0111","207.4",6,3,41,"$959.5 millones"
"V0112","83.7",2,3,17,"$446.9 millones"
"V0113","36.8",1,6,15,"$231 millones"
"V0114","209.8",6,5,9,"$1051.4 millones"
"V0115","165.5",6,2,16,"$718 millones"
"V0116","52.7",2,3,9,"255.6"
"V0117","132.1",4,5,14,"$617.7 millones"
"V0118","211 m2",6,6,8,"1042.4"
"V0119","139.2",4,4,19,"$683.8 millones"
"V0120","103.9 m2",3,5,18,"$487.2 millones"
"V0121",NA,4,2,25,"692.3"
"V0122","87.4",1,3,39,"$379.7 millones"
"V0123","85",3,3,8,"$435.9 millones"
"V0124","67.9",1,6,21,"332.1"
"V0125","97.1",3,4,5,"$518.9 millones"
"V0126","216.9",6,5,9,"$1042.5 millones"
"V0127","55.1",2,3,21,"$245.1 millones"
"V0128","42.8",1,4,8,"243.7"
"V0129","52.7 m2",1,3,15,"$262.2 millones"
"V0130","159.6",5,4,7,"$761.7 millones"
"V0131","145.8",5,2,10,"$633.2 millones"
"V0132","198.8 m2",6,5,12,"942.4"
"V0133","156.2",3,4,8,"751.3"
"V0134","168.7 m2",6,4,4,"$771.5 millones"
"V0135","126.6",4,3,14,"$612.6 millones"
"V0136","153.7 m2",5,6,16,"$810 millones"
"V0137","185.3",6,6,13,"936.9"
"V0138","178.3",5,4,9,"831.2"
"V0139",NA,6,6,21,"$1025.9 millones"
"V0140","110.7",4,4,23,"525.8"
"V0141","85.8",3,2,3,"431.9"
"V0142","104.8",4,4,24,"511.2"
"V0143","27 m2",2,6,4,"$179.9 millones"
"V0144","60.9",2,4,10,"$280.7 millones"
"V0145","189.3",6,5,6,"$938.8 millones"
"V0146","70.1",1,2,8,"$307.7 millones"
"V0147","71.6",4,3,26,"$361.3 millones"
"V0148","40",1,4,17,"228.6"
"V0149","72.9",4,2,16,"366.9"
"V0150",NA,5,3,3,"830.5"
"V0151","190.3",6,2,14,"$832.5 millones"
"V0152","122 m2",3,3,17,"$611.1 millones"
"V0153","100.6 m2",3,6,20,"547.3"
"V0154","73.1",2,4,7,"374.1"
"V0155","46.7 m2",1,4,21,"252.8"
"V0156","101",3,5,5,"$540.2 millones"
"V0157","136.5 m2",5,5,34,"$681.9 millones"
"V0158","67.3 m2",2,4,7,"305.8"
"V0159","111.7 m2",2,2,19,"561.2"
"V0160",NA,2,4,15,"309.5"
"V0161","122.9",4,3,6,"$530.8 millones"
"V0162","94",3,6,24,"522.4"
"V0163","151.7",5,4,12,"687.7"
"V0164","98.1",2,6,20,"508.7"
"V0165","94.3 m2",3,2,14,"$402.8 millones"
"V0166","129.1",4,2,20,"541.1"
"V0167","169.4",6,4,12,"$799.4 millones"
"V0168","68.1 m2",2,6,23,"$397.5 millones"
"V0169","105.5",3,5,10,"$551.2 millones"
"V0170","76.8",3,3,16,"358.5"
"V0171","147.8 m2",3,2,15,"$682.6 millones"
"V0172","60.8",1,6,20,NA
"V0173","193.4 m2",6,6,8,"$953.2 millones"
"V0174","170.6",4,4,13,"803.9"
"V0175","155.3",5,4,8,"$763.3 millones"
"V0176","145.5",5,2,21,"$635.5 millones"
"V0177","97.6 m2",3,2,8,"474.1"
"V0178","128.3",3,4,34,"$600 millones"
"V0179","195.6",6,4,19,"$914.9 millones"
"V0180","138.4",4,2,12,"$664.4 millones"
"V0181","188.8",6,4,25,"$876.8 millones"
"V0182","85.9 m2",3,4,11,"$408.2 millones"
"V0183","163.1 m2",5,6,17,"774.3"
"V0184","76.7",1,4,16,"$412.4 millones"
"V0185","140.9 m2",3,2,15,"$582.1 millones"
"V0186","118.9 m2",3,4,8,"$576.1 millones"
"V0187","76.7 m2",3,3,6,"$390.8 millones"
"V0188","135.1",2,4,4,"623.5"
"V0189","203.1",4,2,9,"$937 millones"
"V0190","200.9",5,5,18,"$984.8 millones"
"V0191","78.5",3,4,10,"$350.5 millones"
"V0192","87.7",2,3,6,"408.2"
"V0193","217.2",6,3,44,"$1040.1 millones"
"V0194","145.9",4,6,18,"$712.5 millones"
"V0195","207.8",6,3,39,"919.9"
"V0196","116 m2",4,6,25,"566.3"
"V0197","104.3",3,3,8,"494.9"
"V0198","153.5",4,2,9,"$719.1 millones"
"V0199","54.7",2,2,5,"251"
"V0200","136.7",4,3,19,"651"
"V0201","71.6",2,6,32,"407.7"
"V0202","212.7 m2",6,3,7,"$1006.6 millones"
"V0203","142.3",5,3,6,"$703 millones"
"V0204","125.4",4,3,20,"$569.3 millones"
"V0205","103.5",3,3,5,"$503.1 millones"
"V0206","196.6",6,2,38,"904.2"
"V0207","96",3,6,17,"$510 millones"
"V0208","81.2 m2",4,3,4,"$413.6 millones"
"V0209","58.3",2,3,15,"$296.9 millones"
"V0210","58.6",2,4,13,"$318.8 millones"
"V0211","119 m2",2,4,3,"$592.4 millones"
"V0212","74.3",1,2,12,"321.8"
"V0213","67.2 m2",2,5,8,"$376.2 millones"
"V0214","156.5",5,4,7,"745"
"V0215","34.3",1,4,14,"$246.2 millones"
"V0216","161.7 m2",5,5,20,"$770.8 millones"
"V0217","93.6",3,4,34,"$458.6 millones"
"V0218","104.7",4,4,2,"$470.4 millones"
"V0219","185.1",5,6,19,"888"
"V0220",NA,5,3,7,"$933.4 millones"
"V0221","80.1 m2",1,6,24,"$468.2 millones"
"V0222","212.4",6,2,15,"$969.3 millones"
"V0223","167 m2",5,4,29,"792.6"
"V0224","158.8",5,5,5,"$794.6 millones"
"V0225","35.3 m2",1,2,16,"$160.1 millones"
"V0226","102.1 m2",3,2,14,"487.3"
"V0227","118.2",3,3,23,"$603.7 millones"
"V0228","134.2",3,5,10,"$689.4 millones"
"V0229","161.2",4,5,24,"802.6"
"V0230","203.6",5,4,9,"944"
"V0231","145.6",5,6,9,"743.4"
"V0232","108.5",3,4,12,"$547.5 millones"
"V0233","130.7",4,5,6,"638.7"
"V0234","36.4",2,3,9,"$205.1 millones"
"V0235","75.9 m2",2,4,23,"$442.4 millones"
"V0236","102.4",3,6,32,"$496 millones"
"V0237","63.6 m2",1,3,23,"$329.4 millones"
"V0238","187.2",5,4,9,"$863 millones"
"V0239","54.8",2,2,15,"$275.2 millones"
"V0240","181.7",5,5,13,"$851 millones"
"V0241","131.6 m2",3,4,6,"$665.1 millones"
"V0242","154.2 m2",6,3,14,"$689.6 millones"
"V0243","58.5 m2",1,2,7,"$288.3 millones"
"V0244","148.4",4,4,6,"$763.2 millones"
"V0245","85.8 m2",3,4,19,"$424.2 millones"
"V0246","166.3 m2",5,2,8,"$768.8 millones"
"V0247","102.8",2,3,11,"$540.9 millones"
"V0248","214 m2",6,3,7,"$1063.5 millones"
"V0249","213.6",6,3,12,"$1071.1 millones"
"V0250","166.7",5,6,16,"$815.5 millones"
"V0251","75.2",3,6,16,"$383.9 millones"
"V0252","68.2",2,4,6,"381.6"
"V0253","140.6",5,5,26,"$700 millones"
"V0254","77.2",1,4,29,"422.8"
"V0255","128.6",5,5,15,"$646.2 millones"
"V0256","178.1 m2",5,4,13,"855.9"
"V0257","57.8",1,2,13,"$325.1 millones"
"V0258","103.9 m2",3,4,14,"521.2"
"V0259","117 m2",3,4,15,"595"
"V0260","194.3",6,2,13,"$908.5 millones"
"V0261","205.5",6,3,18,"$954 millones"
"V0262","197",6,5,10,"937.5"
"V0263","156.5",3,6,24,"764.9"
"V0264","210.3 m2",5,2,12,"908.3"
"V0265","125.7",3,2,4,"$630.8 millones"
"V0266","137.4",6,5,11,"$636.6 millones"
"V0267","90.6",1,4,16,"$437.2 millones"
"V0268","92.7 m2",3,2,25,"416"
"V0269","28.9",1,2,12,"$186.6 millones"
"V0270","123",5,6,4,"642"
"V0271","194.9",5,4,12,"955.8"
"V0272","26.2 m2",1,2,6,"$134.3 millones"
"V0273","39.1 m2",1,3,7,"$265.5 millones"
"V0274","57",2,3,6,"311.3"
"V0275","175.2",6,6,7,"$889.2 millones"
"V0276","168.4 m2",6,4,24,"$824.9 millones"
"V0277","214.5 m2",6,4,7,"$975.2 millones"
"V0278","116 m2",5,2,9,"$544.5 millones"
"V0279","39.5 m2",2,4,13,"233.8"
"V0280","151.5 m2",4,2,20,"672.7"
"V0281","172.9",5,6,8,"862"
"V0282","51.7",1,4,7,"265.4"
"V0283","102.3 m2",3,4,9,"$519.7 millones"
"V0284","68.9 m2",3,2,6,"$281.7 millones"
"V0285","36.3",1,6,21,"245.1"
"V0286","102.2",3,4,3,"498.4"
"V0287","37.7 m2",1,3,9,"$235.6 millones"
"V0288","69",2,3,5,"$292.3 millones"
"V0289","35.7",1,5,4,"$233.7 millones"
"V0290","155.7",5,3,12,"$729.4 millones"
"V0291","83.1",2,2,30,"408.2"
"V0292","44.6",2,3,32,"172.7"
"V0293","39 m2",1,4,9,"211.8"
"V0294","196.7",6,4,8,"$960.1 millones"
"V0295","172.1 m2",5,3,9,"$830.6 millones"
"V0296","184.2 m2",5,5,18,"$900.2 millones"
"V0297","216.5",6,3,3,"1025.5"
"V0298","45.2",1,4,14,"$202.1 millones"
"V0299",NA,2,6,9,"307.7"
"V0300","180.8",5,3,8,"$858.7 millones"
"V0301","178",4,5,4,"818.4"
"V0302","26.8 m2",1,4,11,"$166.6 millones"
"V0303","176.9",5,5,4,"$896.5 millones"
"V0304","167.2",6,3,12,"$808.9 millones"
"V0305","147.9",5,3,7,"686"
"V0306","118.8",3,3,12,"$597.2 millones"
"V0307","55.5 m2",2,3,16,"270"
"V0308","26.6",1,2,9,"154"
"V0309","113.2",3,6,6,"$622.5 millones"
"V0310","121",4,2,8,"579.8"
"V0311","101",5,3,8,"473.5"
"V0312","115.6",2,5,5,"$615.8 millones"
"V0313","164.1 m2",5,3,8,"$821.4 millones"
"V0314","35.8",1,4,11,"$184.4 millones"
"V0315","94.2",3,5,11,"$484.6 millones"
"V0316","181.5",6,5,15,"909.9"
"V0317","188 m2",6,3,26,"844.6"
"V0318","71.4 m2",1,4,15,"317.7"
"V0319","94 m2",3,6,29,"$475 millones"
"V0320","192.1",6,6,8,"$980 millones"
"V0321","191.5",5,4,27,"$859.3 millones"
"V0322","82.7",2,5,17,"$426.1 millones"
"V0323","53.7",2,6,6,"$355.7 millones"
"V0324","162.3",5,4,15,"$779.8 millones"
"V0325","45.2",2,3,6,"260.6"
"V0326","31.6 m2",2,3,21,"219.1"
"V0327","219.9",6,6,9,"$1099.4 millones"
"V0328","31.8",1,5,10,"227.8"
"V0329","91 m2",4,4,8,"$477.8 millones"
"V0330","203.4",6,2,7,"904.9"
"V0331","145.4",4,2,33,"$683.1 millones"
"V0332","80.8",1,2,22,"392.3"
"V0333","168.9",5,2,18,"787.8"
"V0334","187.6",5,4,13,"$895.5 millones"
"V0335","86.3",2,4,19,"$395 millones"
"V0336","121.1",3,2,18,"565.2"
"V0337","161",4,4,31,"$797.3 millones"
"V0338","150.1",4,4,20,"$701.1 millones"
"V0339","150.6",4,5,11,"689.9"
"V0340","215.7 m2",6,2,11,"1047"
"V0341","105.9 m2",4,2,9,"482.4"
"V0342","48.3",1,4,10,"$303.6 millones"
"V0343","127.6 m2",2,4,10,"644.9"
"V0344",NA,1,3,25,"384.8"
"V0345","119.9",3,3,3,"$580.9 millones"
"V0346","97.2",3,5,8,"497"
"V0347","216.8",6,6,11,"1108.8"
"V0348","100.7",4,6,6,"$603 millones"
"V0349","69.7",2,4,32,"357.6"
"V0350","146.5",3,3,10,"701.3"
"V0351","51.6",1,2,6,"$279.7 millones"
"V0352","213.7 m2",5,6,7,"1025.9"
"V0353","125.4",4,5,20,"638.2"
"V0354","56.8",2,4,37,"256.3"
"V0355","146.3",4,4,11,"$700.6 millones"
"V0356","217.3 m2",5,3,13,"$1036.3 millones"
"V0357","155.4",5,4,7,"$730.8 millones"
"V0358","106.7",3,4,26,"$544.9 millones"
"V0359","88.1 m2",2,2,19,"$426.3 millones"
"V0360","187.9",6,4,3,"$946.2 millones"
"V0361","53",2,5,8,"372.1"
"V0362","62.6",3,5,10,"$331.4 millones"
"V0363","199.9",6,6,6,"$996.5 millones"
"V0364","85.1",2,5,10,NA
"V0365","95.8",3,3,6,"$477.3 millones"
"V0366","177.9 m2",5,4,15,"828.9"
"V0367","62.7",1,4,15,"300.2"
"V0368","28.5",1,4,20,"$214.3 millones"
"V0369","104.3 m2",3,2,15,"$565.3 millones"
"V0370","119.2",3,4,31,"$540.2 millones"
"V0371","107.3",3,3,10,NA
"V0372","91.8",1,6,3,"$453.7 millones"
"V0373","194",4,5,12,"$940.5 millones"
"V0374","113.7",2,2,18,"$518 millones"
"V0375","129.1 m2",4,6,9,"663.4"
"V0376","212.9",5,5,28,"1097.5"
"V0377","176",4,3,23,"776.6"
"V0378","65.7",2,6,17,"$385 millones"
"V0379","85.2",2,6,13,"$518 millones"
"V0380","214.4",6,5,9,"$1014.3 millones"
"V0381","139.1",6,4,11,"$652.6 millones"
"V0382","173.4",4,5,16,"843.9"
"V0383","97.7",3,2,21,"$491.9 millones"
"V0384","175",5,4,10,"$829.2 millones"
"V0385","129.8",5,5,8,"621.9"
"V0386",NA,5,6,53,"$964.1 millones"
"V0387","61.1 m2",2,4,16,"261.6"
"V0388","80",3,3,7,"355.1"
"V0389","43.5",1,4,21,"$271.5 millones"
"V0390","66",3,3,12,"$346.2 millones"
"V0391","215.5",6,5,20,"$963.5 millones"
"V0392","82.8",2,3,12,"426.5"
"V0393","166.6",5,5,12,"$746 millones"
"V0394","178.2",5,6,13,"868.1"
"V0395","45.6 m2",2,5,15,"$277.2 millones"
"V0396","71.7",2,4,8,"$333.4 millones"
"V0397","77.8 m2",3,2,8,"$411.7 millones"
"V0398","44.7 m2",1,5,11,NA
"V0399","48 m2",1,3,13,"230.4"
"V0400","218.3",6,3,10,"$1053 millones"
"V0401","217.3",6,3,15,"$1016.7 millones"
"V0402","51.7",1,2,6,"$277.4 millones"
"V0403","201.5 m2",6,5,5,"$997.9 millones"
"V0404","137.4 m2",4,2,37,"580.2"
"V0405","102.1",1,3,15,"431.7"
"V0406","112.7 m2",4,4,9,"$626.1 millones"
"V0407","162.8",5,6,10,"821.5"
"V0408","41.1 m2",3,4,19,"$241 millones"
"V0409","91.2 m2",3,5,11,"440.8"
"V0410","157.8",4,6,13,"$823.7 millones"
"V0411","86.8",4,3,10,"482.8"
"V0412","187.2",6,6,9,"$971 millones"
"V0413","67",1,4,17,NA
"V0414","122.1 m2",4,4,13,"567.8"
"V0415","78.8",2,4,26,"$396.7 millones"
"V0416","62.4",2,6,6,"386.9"
"V0417","210.4 m2",6,6,11,"$1011.7 millones"
"V0418","87.7",2,2,11,"$390.1 millones"
"V0419","118.3",4,3,6,"$579.4 millones"
"V0420","30.5",2,3,22,"$136.4 millones"
"V0421",NA,4,4,11,"705.6"
"V0422","150.6",4,2,5,"$648.9 millones"
"V0423","141.3",5,2,8,"674.7"
"V0424","87.8",3,3,6,"$375.4 millones"
"V0425","198.8",5,5,22,"937.2"
"V0426","147.1 m2",4,2,55,"692.5"
"V0427","84.1",4,2,8,"$435.7 millones"
"V0428","100.7 m2",4,5,11,"$477.4 millones"
"V0429","56.3 m2",2,3,14,"242.9"
"V0430","193.2",6,5,61,"897.3"
"V0431","210.9 m2",5,2,3,"948.1"
"V0432","134.9",4,3,9,"$657 millones"
"V0433","89.3",2,4,6,"$427.5 millones"
"V0434","219.3 m2",6,5,10,"1005.5"
"V0435",NA,3,3,10,"$342.7 millones"
"V0436","144.5",3,6,8,"$697.1 millones"
"V0437","46.1",2,4,36,"271.2"
"V0438","120 m2",4,2,14,"$548.8 millones"
"V0439","44.4 m2",1,2,50,"188.7"
"V0440","56.4",3,5,20,"$354.2 millones"
"V0441","80.2",2,5,6,"$486.8 millones"
"V0442","138.9",4,5,8,"$692.1 millones"
"V0443","167.7",5,2,14,"783.5"
"V0444",NA,1,3,8,"335.7"
"V0445","194",6,6,15,"$945.8 millones"
"V0446","163.2",4,4,19,"$747.9 millones"
"V0447","173.3",4,5,15,"872.7"
"V0448","53.7 m2",1,4,11,"$247.1 millones"
"V0449","94.8",4,3,8,"$457.8 millones"
"V0450","156.3",5,2,6,"$716.5 millones"
"V0451","127.1",4,4,15,"$604.3 millones"
"V0452",NA,3,5,21,"$395 millones"
"V0453","71.9",2,3,11,"$342.1 millones"
"V0454","36.3",1,3,19,"$231.1 millones"
"V0455","71.1",3,3,46,"$314.1 millones"
"V0456","198.6",6,2,38,"874.7"
"V0457","183.3",5,6,9,"$887.7 millones"
"V0458","170.8",5,4,17,"$788.8 millones"
"V0459","55.2",2,4,8,"306.4"
"V0460","49.3 m2",2,5,18,"$300.2 millones"
"V0461","215.1 m2",6,4,12,"$1061.8 millones"
"V0462","110",3,4,14,"$496.8 millones"
"V0463","115.5",4,3,7,"571"
"V0464","57.2",2,3,25,"$277.8 millones"
"V0465","139.1",4,2,11,"655.7"
"V0466","77.8",2,5,9,"$386.9 millones"
"V0467","69.9 m2",1,2,11,"$337.1 millones"
"V0468","159.8",5,3,13,"$719.1 millones"
"V0469","80.2",2,4,32,"$415.1 millones"
"V0470","183",6,3,6,"835.3"
"V0471","43.3",2,5,52,"230.2"
"V0472","185.3",5,5,8,"$838.6 millones"
"V0473","108.3",2,3,13,"531.8"
"V0474","172.4 m2",5,4,3,"$866.6 millones"
"V0475","154.2",5,6,8,"800.5"
"V0476","111.7",3,6,19,"609.1"
"V0477","147.3 m2",5,2,16,"639.4"
"V0478","25.1 m2",1,2,15,"$125.9 millones"
"V0479","67.4",2,3,9,"$339 millones"
"V0480","162.5 m2",4,5,4,"824.7"
"V0481","67",3,5,6,"366.7"
"V0482","183.7 m2",5,4,10,"872.6"
"V0483","85",3,2,17,"$449.2 millones"
"V0484","159.1 m2",3,2,20,"762.7"
"V0485","206.9",6,4,10,"930.4"
"V0486","47.6",1,6,11,"$283.9 millones"
"V0487","49.9",1,3,11,"$231 millones"
"V0488","157.3",5,5,12,"862.4"
"V0489",NA,3,2,30,"$479.9 millones"
"V0490","187.7",4,5,8,"$947.7 millones"
"V0491","214.4",6,3,11,"$1003.9 millones"
"V0492","38.7",1,3,13,"$212 millones"
"V0493",NA,4,3,5,"$572 millones"
"V0494","161.8 m2",5,4,7,"$778.2 millones"
"V0495","42 m2",1,3,14,NA
"V0496","218.6",6,5,16,"1062.7"
"V0497","74.4",2,4,24,"$325 millones"
"V0498","34.7",2,6,9,"$222.3 millones"
"V0499","158.8",5,4,29,"735.7"
"V0500","178.5",5,5,7,"857.5"
"V0501","94 m2",3,3,5,"$496 millones"
"V0502","96.5",3,4,4,"$535.7 millones"
"V0503","81",2,3,23,"$363.4 millones"
"V0504","40.6",1,6,14,"277.7"
"V0505","96.3",3,2,11,"419.5"
"V0506","59.7 m2",2,3,10,"$288.9 millones"
"V0507","129.5",3,6,31,"$656.9 millones"
"V0508","123.3",4,2,25,"559.2"
"V0509","209.3",5,3,7,"$960.8 millones"
"V0510","91.6",3,2,5,"400.5"
"V0511","115.6",3,5,23,"567.4"
"V0512","41.1",2,3,17,"217.9"
"V0513","192.7",6,3,9,"$921.8 millones"
"V0514","102.2 m2",2,5,15,"496.6"
"V0515","168.5",6,2,4,"802.7"
"V0516","58.5",2,3,8,"266.9"
"V0517","113.7",3,5,16,"$557.5 millones"
"V0518","175.2",5,5,11,"868.1"
"V0519","37.2",2,5,6,"$216.8 millones"
"V0520","183.9",4,6,22,"876.6"
"V0521","83.7 m2",2,2,24,"386"
"V0522","96.1",2,2,7,"$457.9 millones"
"V0523","85.9",3,4,11,"$465.8 millones"
"V0524","32.3",1,3,19,"168.1"
"V0525","126.2",3,6,20,"$590.9 millones"
"V0526","157.4",6,6,9,"$771.4 millones"
"V0527","201.1 m2",6,5,7,"$955.4 millones"
"V0528","30 m2",1,2,15,"125"
"V0529","217.9",6,5,4,"$1062 millones"
"V0530","84.1",1,4,7,"$507.9 millones"
"V0531","208.1",6,3,19,"990.1"
"V0532","159.1",4,3,4,"$753.1 millones"
"V0533","112.2",4,3,6,"560.2"
"V0534","184.2 m2",5,6,10,NA
"V0535","32.7",1,5,10,"204.9"
"V0536","169.1",4,4,4,"837.7"
"V0537","93",2,4,16,"482.6"
"V0538",NA,6,3,7,"$875.9 millones"
"V0539","129.4 m2",5,3,11,"$620.2 millones"
"V0540","78.5",2,2,11,"394"
"V0541","181.2 m2",5,2,18,"$830.2 millones"
"V0542","42.9",1,5,12,"248.3"
"V0543",NA,5,3,11,"$861.2 millones"
"V0544","79",2,4,32,"$398.6 millones"
"V0545","171.9",5,4,15,"$819.9 millones"
"V0546","213 m2",6,2,17,"963.7"
"V0547","40.9",1,3,16,"$221.5 millones"
"V0548","191.6",6,4,17,"885.4"
"V0549","181.4",5,5,27,"$845.6 millones"
"V0550","100.1",3,4,12,"542.1"
"V0551","88.9",3,4,14,"422.4"
"V0552","65",1,4,39,"$330.8 millones"
"V0553","136",4,2,9,"$605.7 millones"
"V0554","198.2",6,2,26,"$894.2 millones"
"V0555","128.3",5,4,8,"$642.7 millones"
"V0556","139.5",4,5,33,"$646.1 millones"
"V0557","154.8",4,3,8,"$753.1 millones"
"V0558","128.3 m2",4,5,7,"653.3"
"V0559","124.4 m2",3,4,22,"$592.7 millones"
"V0560","28.2 m2",1,6,21,"207.5"
"V0561","34.3",1,4,17,"203"
"V0562","206.2 m2",6,4,14,"951.5"
"V0563","175",5,4,14,"794.4"
"V0564","64.2",2,3,41,"$304.3 millones"
"V0565","151.8 m2",4,5,5,"$724 millones"
"V0566","152.5",3,4,7,"$739.6 millones"
"V0567","102.1 m2",3,3,6,"$450.2 millones"
"V0568","183.4 m2",6,3,21,"$825.6 millones"
"V0569","131.7 m2",3,3,10,"$637.8 millones"
"V0570","197.6",6,6,11,"$1001.8 millones"
"V0571","132.9",4,4,35,"635.1"
"V0572","201.7 m2",6,2,8,"901.4"
"V0573","139.6 m2",3,4,40,"$643.7 millones"
"V0574","107.6 m2",3,4,5,"$573 millones"
"V0575","210.2",6,3,26,"$985.7 millones"
"V0576","163.3",5,2,15,"$776.5 millones"
"V0577","105.6",3,4,10,"$557.1 millones"
"V0578","28.6 m2",1,4,11,"191.2"
"V0579","135.5 m2",3,4,27,"$681.4 millones"
"V0580","120.6 m2",3,4,33,"547.1"
"V0581","196.3",6,2,4,"919.1"
"V0582","183.5",5,2,93,"$771.2 millones"
"V0583","191.5 m2",5,5,56,"$898 millones"
"V0584","96.7",2,2,9,"497.7"
"V0585","195.4",6,4,12,"944.8"
"V0586","54.5",2,3,8,"265"
"V0587","80 m2",2,3,11,"385.7"
"V0588",NA,4,4,19,"$713.8 millones"
"V0589","215.6",6,3,13,"1002.1"
"V0590","138.6 m2",2,2,13,NA
"V0591","127.7",3,4,29,"635.2"
"V0592","36.9 m2",2,5,3,"$223.9 millones"
"V0593","214",6,4,9,"$1037.1 millones"
"V0594","48.4",1,2,13,"$259 millones"
"V0595",NA,1,3,8,"$215.4 millones"
"V0596","196.7",6,4,23,"969.5"
"V0597","124.1",3,2,9,"$582.1 millones"
"V0598","90.8",4,2,9,"411.8"
"V0599","199.4 m2",5,5,24,"$955.3 millones"
"V0600","31.2",1,5,20,"169.7"
"V0601","71.3",2,3,11,"376.6"
"V0602","158.9 m2",4,4,10,"740.2"
"V0603","69",3,5,5,"$420.3 millones"
"V0604","87.1",2,3,8,"$368.3 millones"
"V0605","58.9",2,2,57,"$216.1 millones"
"V0606","181.3",6,5,12,"$871.1 millones"
"V0607","53.5",1,3,21,"247.9"
"V0608","185.4",6,2,11,NA
"V0609","89.5",2,5,17,"$462.3 millones"
"V0610","98 m2",3,4,12,"502"
"V0611","147.8 m2",4,4,27,"$724.7 millones"
"V0612","43.8",1,2,9,"224.5"
"V0613","29.3",1,3,4,"202.5"
"V0614","218.6 m2",5,3,21,"1025.1"
"V0615","138.9",4,3,10,"$683 millones"
"V0616","177.5",6,5,29,"806"
"V0617","198.9",4,5,13,"925.9"
"V0618","172.2",4,4,29,"744.9"
"V0619","215.9",5,5,15,"$1027 millones"
"V0620","33.6",1,3,10,NA
"V0621","201.2 m2",6,3,19,"905.8"
"V0622","193.8",5,3,9,"$919.4 millones"
"V0623","176.2",4,4,33,"$839.7 millones"
"V0624","98.5 m2",2,4,13,"$500 millones"
"V0625","33.2 m2",1,4,4,"$197.7 millones"
"V0626","96.1",3,3,9,"451.7"
"V0627","78.4",1,5,5,"$404.7 millones"
"V0628","190.8 m2",6,3,3,"$901.7 millones"
"V0629","95.7",3,6,12,"550"
"V0630","84.4 m2",3,3,18,"$386.6 millones"
"V0631","173",4,4,8,"828.4"
"V0632","189.7",6,5,5,"927.6"
"V0633","114.3",3,3,8,"576.7"
"V0634","167.3",4,6,5,"831.9"
"V0635","45.3",1,5,18,"$283.6 millones"
"V0636","67.9 m2",1,3,17,"292"
"V0637","211 m2",6,3,5,"$1012.1 millones"
"V0638","171.6 m2",5,4,8,"$828.7 millones"
"V0639","184.7",6,5,22,"$855.7 millones"
"V0640","106.5",4,3,11,"445.5"
"V0641","140.8 m2",4,3,12,"658"
"V0642","180.8",6,2,15,"$851.7 millones"
"V0643","198.2",6,4,17,"947.9"
"V0644","100.1",2,4,25,"479.5"
"V0645","42.6",1,2,19,"$208 millones"
"V0646","147 m2",5,4,5,"722.2"
"V0647","170.4 m2",5,2,10,"766.2"
"V0648","41.6 m2",2,4,14,"237.6"
"V0649","83.6",3,2,11,"$400.8 millones"
"V0650","144.8 m2",4,2,3,"657.5"
"V0651","171.8",6,6,8,"$862.6 millones"
"V0652","203.8",6,3,22,"$953.8 millones"
"V0653","117.8 m2",4,3,13,"580.5"
"V0654","135.6 m2",4,6,5,"$717.5 millones"
"V0655","168.6",6,3,14,"$804.8 millones"
"V0656",NA,5,6,11,"$955.1 millones"
"V0657","202.3 m2",5,5,18,"968.1"
"V0658","36 m2",1,5,42,"$216.9 millones"
"V0659","123.1 m2",3,2,5,"$541.9 millones"
"V0660","93.4 m2",3,3,9,"477.7"
"V0661","189.9",6,3,11,"874.7"
"V0662",NA,6,3,3,"$933.1 millones"
"V0663","47.9",1,3,12,"233.1"
"V0664","164",4,5,8,"$720 millones"
"V0665","70.9 m2",2,3,46,"$368.4 millones"
"V0666","39.6",2,2,2,"$188.6 millones"
"V0667","207.5",6,6,29,"1018.3"
"V0668","55.6",3,3,22,"$284.4 millones"
"V0669","151.2",4,4,19,"$758.1 millones"
"V0670","58.8",2,6,13,"$317.1 millones"
"V0671","28.9 m2",1,3,8,"$133 millones"
"V0672","126.7",4,2,23,"$613.7 millones"
"V0673","41.8 m2",1,5,7,"$228.7 millones"
"V0674","80.2",2,3,18,"345.5"
"V0675","107",3,4,15,"$552.8 millones"
"V0676","139.5",4,4,23,"$667.4 millones"
"V0677","182.3 m2",5,5,8,"$957.3 millones"
"V0678","64.4",3,3,8,"338.7"
"V0679","114.6",3,4,14,"$553.9 millones"
"V0680","112.4 m2",3,4,14,"$535.8 millones"
"V0681","168.1 m2",4,2,27,"815.4"
"V0682","164.4",5,2,16,"720.6"
"V0683","187.1",5,4,13,"910.1"
"V0684","197.9",4,2,20,"$921.4 millones"
"V0685","210.8 m2",5,4,9,"984.2"
"V0686","132.4 m2",4,5,23,"$698.5 millones"
"V0687","126.9 m2",3,4,6,"603.8"
"V0688","58.3",1,5,15,"$324.8 millones"
"V0689","118.5",2,5,4,"616.7"
"V0690","74.5 m2",2,3,14,"438.7"
"V0691","32.8 m2",1,4,5,"$222.1 millones"
"V0692","148.8",5,3,10,"$758.5 millones"
"V0693","130.2 m2",4,3,4,"$605.8 millones"
"V0694","52.3 m2",3,4,8,"236.6"
"V0695","80.3 m2",2,5,8,"$456.6 millones"
"V0696","138.7",4,4,17,"621.7"
"V0697","57.2 m2",2,4,8,"$270.7 millones"
"V0698",NA,1,3,8,"254"
"V0699","108.6 m2",3,3,25,"512"
"V0700","94.4",3,5,33,"$498.8 millones"
"V0701","189.8",5,5,23,"$953.7 millones"
"V0702","75.7",2,6,5,"454"
"V0703","29.5 m2",1,6,26,"213.4"
"V0704","193.2 m2",6,6,6,"971.2"
"V0705","90.2",3,5,11,"476.4"
"V0706","148.2",5,2,19,"$733 millones"
"V0707","131.6 m2",3,6,11,"$675 millones"
"V0708","98.4",3,4,11,"518.2"
"V0709","61.2",1,5,13,"311.8"
"V0710","108.6",3,4,16,"537.1"
"V0711","148",5,3,15,"$639.1 millones"
"V0712","126.6",3,2,4,"$600.7 millones"
"V0713","153.6 m2",5,4,11,"697.8"
"V0714","167.2",4,4,14,"$797.2 millones"
"V0715","119.9",3,4,17,"$578.7 millones"
"V0716","100",3,2,10,"$501.2 millones"
"V0717","26.3 m2",1,3,8,"$137.7 millones"
"V0718","25.7",1,5,5,"$166.7 millones"
"V0719",NA,6,2,8,"949.9"
"V0720","46 m2",2,4,11,"276.8"
"V0721","106.6",3,3,8,"551"
"V0722","165",3,3,17,"$767.1 millones"
"V0723","169.8",6,2,15,"$826.5 millones"
"V0724","195",6,5,5,"$936.2 millones"
"V0725","143.5 m2",4,4,15,"663.7"
"V0726","172.5",6,3,17,"$814.5 millones"
"V0727","190.2",6,3,10,"913.5"
"V0728","144.5 m2",4,5,12,"$670.8 millones"
"V0729","179.7",5,5,9,NA
"V0730","29.5",1,3,10,"$171.1 millones"
"V0731","106.3 m2",3,3,7,"$532.2 millones"
"V0732","195.6",6,6,15,"887.9"
"V0733","151.2",4,5,6,"$699.4 millones"
"V0734","205.3",6,5,8,"$1001.7 millones"
"V0735","58.6 m2",2,4,7,"$344.8 millones"
"V0736","86.6",1,3,7,"$417.7 millones"
"V0737","181.8",6,5,10,"$921.1 millones"
"V0738","217.8 m2",5,3,9,"$999.5 millones"
"V0739","87.9",2,3,8,"$429.1 millones"
"V0740","25.2 m2",1,4,10,"$205.9 millones"
"V0741","218.5",6,3,5,"$1021.8 millones"
"V0742","53.9 m2",3,6,13,"$322.9 millones"
"V0743","34.6 m2",1,4,18,"$174.3 millones"
"V0744","141.5",3,3,6,"$679 millones"
"V0745","87.7",1,4,5,"431.3"
"V0746","127.9",3,5,46,"559.8"
"V0747","180.1 m2",4,4,14,"$830.1 millones"
"V0748","38.4 m2",1,5,12,"231"
"V0749","160.5",4,4,11,"$778.4 millones"
"V0750","210 m2",6,3,16,"$1009.2 millones"
"V0751",NA,2,3,12,"$393 millones"
"V0752","73.6 m2",1,3,9,"$365.2 millones"
"V0753","56.1",1,3,9,"323.4"
"V0754","39",2,6,10,"$330 millones"
"V0755","133.7 m2",4,5,10,"666.1"
"V0756","120.5",5,3,8,"$616.2 millones"
"V0757","121.4",3,2,23,"572.5"
"V0758","198.2",5,3,13,"924.2"
"V0759","32.2",1,5,8,"$155.9 millones"
"V0760","64.7",2,6,17,NA
"V0761","125.2",5,2,15,"$564.7 millones"
"V0762","71.1",2,4,11,"$337.8 millones"
"V0763","137.2",5,3,15,"$615.6 millones"
"V0764","119",4,5,7,"$592.5 millones"
"V0765","136",3,3,11,"$676.8 millones"
"V0766","53.1 m2",1,2,7,"235.7"
"V0767","53.4",2,2,6,"$269 millones"
"V0768","105.4",4,5,10,"535.2"
"V0769","158.2 m2",5,3,13,"$770.3 millones"
"V0770","152.4",5,2,7,"$711.4 millones"
"V0771","203.6",5,4,11,"$962.4 millones"
"V0772","183.6 m2",4,3,4,"$850.5 millones"
"V0773","156.8",5,4,9,"785.2"
"V0774","182.5",4,2,24,"$866.2 millones"
"V0775",NA,1,2,6,"$250.8 millones"
"V0776","73.9",3,2,6,"455.9"
"V0777","89.7",2,3,11,"439.8"
"V0778","104.4",3,4,17,"$603.9 millones"
"V0779","148.9 m2",3,5,25,"721"
"V0780","182.7",6,2,59,"757.8"
"V0781",NA,2,3,19,"326.8"
"V0782","184.8",6,3,18,"836.1"
"V0783","28",1,3,41,"$182.6 millones"
"V0784","152.6",5,3,10,"774.8"
"V0785","183.3",6,3,11,"$873 millones"
"V0786","115 m2",2,5,14,"590.6"
"V0787","64.7",2,5,5,"$346 millones"
"V0788","28.7 m2",1,3,4,"$150.6 millones"
"V0789","80.2",3,5,35,"$386.4 millones"
"V0790","203.5 m2",5,5,8,"$958.2 millones"
"V0791","207.1",6,6,9,"998.6"
"V0792","130.8",3,6,7,"$654.3 millones"
"V0793","67.8 m2",3,3,13,"355.6"
"V0794","120.4 m2",4,5,17,NA
"V0795","181.2",6,4,10,"$915.5 millones"
"V0796","104.5",2,4,12,"$447.2 millones"
"V0797","45.2",2,5,21,"$276.5 millones"
"V0798","79.7",3,2,12,"$369.5 millones"
"V0799","95.5",3,2,9,"$444.6 millones"
"V0800","75.6",2,5,12,"$356.3 millones"
"V0801","116.8 m2",3,6,7,"$609 millones"
"V0802","96.3",2,6,13,"489.7"
"V0803","48.6",2,3,7,"268.8"
"V0804","34.2 m2",1,4,28,"$158.1 millones"
"V0805","76.2",2,3,3,"488.9"
"V0806","213.9 m2",6,5,15,"$1002.1 millones"
"V0807","120.3",4,2,9,"$555.7 millones"
"V0808","118.2",4,5,40,"538"
"V0809","171 m2",4,6,10,"841.7"
"V0810","155.2",4,2,16,"$779.6 millones"
"V0811","34.6",1,4,15,"$192.1 millones"
"V0812","160.5",5,3,14,"$774.4 millones"
"V0813","95.8 m2",2,2,16,"420.1"
"V0814","197.4",6,4,40,"$962.5 millones"
"V0815","176.2 m2",5,3,21,"$835.2 millones"
"V0816","52.1",2,6,14,"291.8"
"V0817","82.5",3,4,35,"410.2"
"V0818","49.6 m2",1,4,17,"$258 millones"
"V0819","140",5,2,18,"$660.9 millones"
"V0820","134.5 m2",4,5,25,"636"
"V0821","159.3",4,5,13,"795.3"
"V0822","85.7",3,2,19,"$447.9 millones"
"V0823","143.1",4,5,10,"$748.8 millones"
"V0824","218.3",6,2,13,"$1011.1 millones"
"V0825","169.9 m2",4,3,12,"$810 millones"
"V0826","39.8",2,6,8,"$275.3 millones"
"V0827","113",3,6,41,"592.7"
"V0828","35.4",2,4,9,"223.7"
"V0829","91.2",3,2,10,"$450.6 millones"
"V0830","168.1",5,3,27,"799"
"V0831","25.8 m2",1,3,12,"$158.3 millones"
"V0832","175.5 m2",4,4,24,"852.2"
"V0833","115.3 m2",4,2,8,"$544.2 millones"
"V0834","165.6",5,4,12,"825.9"
"V0835","155 m2",3,4,10,"$736.7 millones"
"V0836","136.6 m2",4,2,7,"$644.9 millones"
"V0837","162.2",3,3,10,"$767.9 millones"
"V0838","153.2",5,4,8,"710.8"
"V0839","81.4",2,6,20,"476.3"
"V0840","44",1,2,10,"$185.1 millones"
"V0841","212.7",6,3,11,"1032.5"
"V0842","168.6",6,4,7,"$781 millones"
"V0843","144.5",4,2,14,"$639.6 millones"
"V0844","48.4",2,2,5,"269.6"
"V0845","132.3",4,3,2,"$636.3 millones"
"V0846","76.2",1,4,37,"317.9"
"V0847","200.2",5,4,19,"$990.8 millones"
"V0848","26.8",1,3,18,"$76.5 millones"
"V0849","71.1",2,4,3,"$356.8 millones"
"V0850","50.4 m2",1,5,18,"$241.8 millones"
"V0851","88.6",4,5,16,"$443.9 millones"
"V0852","166.6 m2",5,3,11,"788.6"
"V0853","218.4 m2",6,6,20,"$1046.8 millones"
"V0854","164.5",6,2,24,"733.7"
"V0855","123.4",3,3,11,"586.6"
"V0856","110",3,2,39,"501.9"
"V0857","210",6,5,22,"976.7"
"V0858",NA,2,3,25,"180.6"
"V0859","39.7 m2",2,4,10,"202.9"
"V0860","198.4",6,4,11,"$886.9 millones"
"V0861","107.8",2,4,7,"558.6"
"V0862","33.3",1,5,15,"$269 millones"
"V0863","151.3 m2",5,4,14,"695.3"
"V0864","116.4",4,4,13,"546.8"
"V0865","145.5 m2",4,6,8,"712.1"
"V0866","77.8",2,2,10,"$395.8 millones"
"V0867","55.7 m2",2,2,39,"$250.4 millones"
"V0868","47.3",2,5,7,"$296.9 millones"
"V0869","124 m2",4,2,9,"$603.9 millones"
"V0870","131.9 m2",3,2,5,"$627 millones"
"V0871","52.4",1,2,6,"$274.4 millones"
"V0872","58.1",1,2,10,"$248.6 millones"
"V0873","173.6",4,3,9,"$817.1 millones"
"V0874","127.8 m2",4,3,8,"$595.2 millones"
"V0875","192.9",4,2,8,"$852.5 millones"
"V0876","156.3",3,3,11,"704.5"
"V0877","27.5 m2",2,5,24,"$207.7 millones"
"V0878","160.2",4,3,10,"718.9"
"V0879","198.9",4,4,6,"$938.1 millones"
"V0880","148.2",4,3,6,"$736.6 millones"
"V0881","45.9 m2",2,4,4,"273.2"
"V0882","204.6",6,4,4,"$997.1 millones"
"V0883","156.7 m2",5,5,8,"$783.7 millones"
"V0884","54",2,6,7,"$322.9 millones"
"V0885","170.3",4,5,6,"$770.6 millones"
"V0886",NA,6,3,40,"$934.3 millones"
"V0887","107.1",3,3,34,"$458.4 millones"
"V0888","83.1",2,5,56,"392.8"
"V0889","75.6",4,4,19,"446.6"
"V0890","68.5 m2",3,5,11,"378.6"
"V0891","135.3",4,4,6,"642.5"
"V0892","172.5",4,4,6,"$858.1 millones"
"V0893","155.6",4,5,9,"$782.7 millones"
"V0894","131.6",5,4,26,"629"
"V0895","183.2",4,3,18,"$848.2 millones"
"V0896","173 m2",5,4,20,"$818.1 millones"
"V0897","28.9",1,2,11,"149.1"
"V0898","99.3",4,5,5,"$536.4 millones"
"V0899","34.9 m2",2,4,15,"208.9"
"V0900","180.6",5,3,11,"830.1"
"V0901","205.1",5,4,10,"$1000 millones"
"V0902","130.8",4,3,44,"$577.4 millones"
"V0903","191.2",5,3,20,"$928.7 millones"
"V0904","138.8",4,5,10,"$662.2 millones"
"V0905","155.3",5,4,4,"$778.1 millones"
"V0906","124.7",5,3,10,"$635.9 millones"
"V0907","173.7",5,4,22,"$860.7 millones"
"V0908","201.2 m2",5,3,15,"935"
"V0909","185",6,2,14,"$872.1 millones"
"V0910","38.9 m2",2,2,22,"$123.3 millones"
"V0911","25.8",1,2,11,"150.6"
"V0912","35.2 m2",1,4,10,"207.1"
"V0913","194",6,4,10,"943"
"V0914","137.4",5,5,19,NA
"V0915","86.2 m2",2,3,10,"$463.7 millones"
"V0916","212.1",6,4,19,"$994.1 millones"
"V0917",NA,4,4,6,"708.6"
"V0918","128.6",4,4,6,"$630.7 millones"
"V0919","99.9 m2",3,5,13,"533.8"
"V0920","87.3",2,3,19,"$385.7 millones"
"V0921","182.6",5,3,9,"$877.7 millones"
"V0922","33.2",1,2,8,"$161.3 millones"
"V0923","95.9",2,4,2,"501.8"
"V0924","192 m2",5,2,15,"$855.7 millones"
"V0925","161.1",5,4,7,"$795.6 millones"
"V0926","158.5 m2",5,4,15,"$851 millones"
"V0927",NA,4,4,28,"$501.9 millones"
"V0928","133.2 m2",3,6,9,"711.6"
"V0929","51.8 m2",1,5,18,"$275.1 millones"
"V0930","178.1",6,3,11,"$847.4 millones"
"V0931","197.9 m2",6,2,15,"$903.8 millones"
"V0932","64.8 m2",2,2,6,"$257.2 millones"
"V0933","175.3",5,5,15,"844.6"
"V0934","141.3 m2",4,6,26,"$695.6 millones"
"V0935","211.7 m2",6,4,35,"$982 millones"
"V0936",NA,2,3,6,"275.8"
"V0937","127.6 m2",4,4,17,"$640.2 millones"
"V0938","195.3",6,4,9,"989.2"
"V0939","194.6 m2",6,2,16,"927.6"
"V0940","29.6 m2",1,2,11,"$174.2 millones"
"V0941","215.3",6,3,10,"$1007.5 millones"
"V0942","120.6",4,3,18,"575.6"
"V0943","100.9",3,3,19,"$518.6 millones"
"V0944","106.4",4,4,14,"$566 millones"
"V0945","43.1",1,2,16,"$193.4 millones"
"V0946","56.6",3,5,15,"346.2"
"V0947","104.1 m2",3,4,14,"$481.8 millones"
"V0948","91.7 m2",3,5,13,"441.5"
"V0949","106",2,2,21,"$538.1 millones"
"V0950","84.3",2,4,18,"426.1"
"V0951","134.3",4,3,19,"$635.2 millones"
"V0952","55.4 m2",1,2,23,"290.3"
"V0953","211.5 m2",5,4,17,"$992.3 millones"
"V0954","33.6",2,4,11,"$177 millones"
"V0955","97.6",3,3,6,"483.6"
"V0956","212.7",5,4,9,"$958.7 millones"
"V0957","150.9 m2",5,5,7,"734.3"
"V0958","36.9 m2",1,5,10,NA
"V0959","104.9",2,3,9,"466.6"
"V0960","108.1",3,4,11,NA
"V0961","124.1",3,4,6,"$591.7 millones"
"V0962","112.7",4,3,8,"579.2"
"V0963","146.5 m2",4,3,15,"$683.8 millones"
"V0964","52.3",2,4,14,"$251.4 millones"
"V0965","202 m2",5,4,9,NA
"V0966","136",3,6,22,"$682.8 millones"
"V0967","131.9",4,3,4,"$636.6 millones"
"V0968","47.8",2,6,16,"$298.8 millones"
"V0969","173.6 m2",5,5,31,"$819.6 millones"
"V0970","118.3",3,2,9,"545.4"
"V0971","177.5",6,3,15,"851.2"
"V0972","34 m2",1,6,9,"$284.6 millones"
"V0973","184.9",5,2,12,"$794.7 millones"
"V0974","77.5",2,3,20,"$373.7 millones"
"V0975","80.2",1,5,7,"459.7"
"V0976","150.4",5,6,9,"724.2"
"V0977","209.9 m2",6,2,17,"996"
"V0978","26.4 m2",1,5,15,"170.4"
"V0979","93.6 m2",3,2,19,"$457.2 millones"
"V0980","106.7",3,4,25,"$564.4 millones"
"V0981","114.3",3,4,19,"586.1"
"V0982","163.8",5,3,6,"813.7"
"V0983","204.4",5,3,13,"$888.2 millones"
"V0984","147.3",5,6,9,"707.4"
"V0985","200.9",5,6,12,"1001.9"
"V0986","172.7",5,5,21,"$808 millones"
"V0987","51.9",1,3,14,"$250.8 millones"
"V0988","54.9 m2",1,5,13,"$353.2 millones"
"V0989","62.3",3,5,11,"$350 millones"
"V0990","109.5",4,2,15,"512.1"
"V0991","42",1,5,6,"$251.8 millones"
"V0992","68.6 m2",2,4,9,"313.6"
"V0993","136.6 m2",4,2,32,"562.7"
"V0994","103",2,2,17,"$473.4 millones"
"V0995","135.3 m2",4,3,7,"$658.9 millones"
"V0996","186.8",5,4,6,"$856.2 millones"
"V0997","150.2 m2",4,4,7,"676.1"
"V0998",NA,4,4,17,"540.5"
"V0999","163.4",3,5,16,"$812.7 millones"
"V1000","46.2",2,5,9,"290.2"
"V1001","78.4",2,5,10,"447.3"
"V1002","140.8",4,6,22,"$722.6 millones"
"V1003","56.2",1,3,10,"$258.2 millones"
"V1004","191.4 m2",5,4,12,"$949.2 millones"
"V1005","190.3",4,5,15,"$881 millones"
"V1006",NA,3,4,11,"$568.7 millones"
"V1007","175.9",6,5,8,"870.2"
"V1008","82.6",3,2,9,"402.9"
"V1009","37.8",2,4,6,"243"
"V1010","110.9 m2",4,4,16,"$572.5 millones"
"V1011","115.1",4,2,27,"$502.1 millones"
"V1012","91.5 m2",3,3,14,"$406.9 millones"
"V1013","61.1",2,6,20,"$313.9 millones"
"V1014","123.9",3,2,8,"$598.4 millones"
"V1015","28.7",1,6,11,"$196.5 millones"
"V1016","175.9",4,2,11,"825.1"
"V1017","134.1",4,3,5,"679.9"
"V1018","150.1",5,3,13,"$689.9 millones"
"V1019","116.3",4,4,16,"598.3"
"V1020","79.4",2,6,18,"$413.6 millones"
"V1021","114.9",3,5,26,"589.8"
"V1022","179.6",6,3,5,"$850.2 millones"
"V1023","139.2",4,2,17,NA
"V1024","102",4,2,18,"$503 millones"
"V1025","183.2",5,2,11,"$867.3 millones"
"V1026",NA,2,5,17,"427.3"
"V1027","138.4",4,4,5,"$679.9 millones"
"V1028","113.8",4,6,14,"$666.6 millones"
"V1029","77.4 m2",2,4,2,"384.1"
"V1030","133.3",4,2,14,"613.6"
"V1031","70.1",1,5,31,"407.7"
"V1032","130.9",3,5,30,"606.6"
"V1033","112.3 m2",2,2,2,"$605.2 millones"
"V1034","50.4 m2",2,3,17,"$238.2 millones"
"V1035","146.2",4,2,10,"$664.3 millones"
"V1036","131.9",3,2,12,"612.8"
"V1037","54.1 m2",3,2,3,"303.3"
"V1038","134.1",5,3,15,"$733.5 millones"
"V1039","108.2",2,4,9,"$554.2 millones"
"V1040","112.3",4,2,15,"$541.9 millones"
"V1041","187.5 m2",4,4,11,"853.7"
"V1042","165.3",4,4,6,"$803.3 millones"
"V1043","114.1",4,4,15,"$490.7 millones"
"V1044","126.6",5,5,17,"$623.4 millones"
"V1045","72.3",3,5,12,"$434.6 millones"
"V1046","39.8",1,4,17,"$219.6 millones"
"V1047","101.3 m2",2,2,9,"476.9"
"V1048","27.6",1,2,26,"$134.6 millones"
"V1049","194.2",6,5,10,"937.2"
"V1050","218.6",6,6,8,"$1070.3 millones"
"V1051","163.2",3,4,22,"$731.5 millones"
"V1052","186.2",5,4,23,"$865.1 millones"
"V1053","198.9",6,6,18,"960.4"
"V1054","130.2",4,2,14,"$621.8 millones"
"V1055","133.3",3,3,31,"$626.3 millones"
"V1056","78.9",1,3,7,"371.7"
"V1057","153.5",4,6,24,"$787 millones"
"V1058","72.5 m2",2,4,34,"395.8"
"V1059","81.2",3,2,12,NA
"V1060","164.6",3,5,17,"$807.6 millones"
"V1061","166.9",5,6,17,"805"
"V1062","58.7 m2",2,2,25,"$255.9 millones"
"V1063","84.7",3,5,7,"$463.1 millones"
"V1064","97.1 m2",2,4,21,"$505.4 millones"
"V1065","40.2 m2",1,3,4,"234.1"
"V1066","164.1",4,3,42,"$733.8 millones"
"V1067","132.4",5,4,9,"$682.5 millones"
"V1068","51.5",2,2,10,"$284.7 millones"
"V1069","215",6,3,14,"$971.6 millones"
"V1070","134.6",5,5,6,"685.3"
"V1071","178.7",5,3,10,"$806.4 millones"
"V1072","190.5 m2",6,5,12,"$966.7 millones"
"V1073","196.2 m2",6,5,10,"$958 millones"
"V1074","181.1",5,4,40,"875"
"V1075","149.8 m2",5,3,4,"727.5"
"V1076","147.6",5,4,11,"$712.2 millones"
"V1077","77.9",3,3,24,"$398.9 millones"
"V1078","30.8",1,5,7,"$174.9 millones"
"V1079","106.9 m2",3,5,11,"504.3"
"V1080","94.3",4,3,39,"419.2"
"V1081","101.5 m2",3,3,4,"$506.5 millones"
"V1082","58.5",2,4,7,"305.2"
"V1083","87.3",2,3,6,"$419.1 millones"
"V1084","105.6",4,2,18,"518.4"
"V1085","173.1",4,4,7,"818.3"
"V1086","78 m2",3,6,16,"$457.4 millones"
"V1087","47.5",1,2,8,"$214.2 millones"
"V1088","30.7",1,6,11,"$211.7 millones"
"V1089","182.3",4,5,20,"$854.6 millones"
"V1090","118.6",3,3,13,NA
"V1091","182.2 m2",6,3,4,"826.8"
"V1092","40.4",1,4,9,"$248 millones"
"V1093","47.5 m2",1,4,18,"294.8"
"V1094","50.2 m2",3,3,37,"249.8"
"V1095","169.1",5,3,6,"$852.5 millones"
"V1096","172.6",5,5,10,"794.5"
"V1097","218.5 m2",6,4,11,"$1011.9 millones"
"V1098","146.8",4,3,8,"$714.9 millones"
"V1099","81.3 m2",2,4,5,"440.9"
"V1100","64",2,5,36,"$344 millones"
"V1101","181.2 m2",5,4,29,NA
"V1102","166.9",4,2,5,"827.3"
"V1103","67.3",1,2,4,"$285.9 millones"
"V1104","170.1",6,4,10,"804.9"
"V1105","194 m2",6,5,16,"$892.2 millones"
"V1106","128.2",3,5,11,"612.2"
"V1107","141.7 m2",4,4,24,"685.9"
"V1108","207.8",6,5,10,"$1012.6 millones"
"V1109","210.4",6,2,6,"$948.6 millones"
"V1110","153.8",5,6,30,"767.1"
"V1111","39.1",1,2,10,NA
"V1112","186.1 m2",6,4,10,"$896.9 millones"
"V1113","118.5 m2",3,2,10,"558.6"
"V1114","101.3 m2",3,3,12,"$482.7 millones"
"V1115","83.3",2,3,3,"388.6"
"V1116","72.6",2,4,18,"$358.3 millones"
"V1117","107.3",3,3,18,"528.2"
"V1118","207.9",5,3,18,"951.3"
"V1119","76.6",3,3,9,"$372.7 millones"
"V1120","135.9",4,2,13,"599.1"
"V1121","64.4",2,5,5,"$347.8 millones"
"V1122","62.6",2,3,15,"$314 millones"
"V1123","165.1",4,2,7,"$745.5 millones"
"V1124","86.1",2,3,26,"400.2"
"V1125","52 m2",2,6,7,"$285.4 millones"
"V1126","36.3 m2",1,2,3,"$213.4 millones"
"V1127","206.6",5,3,13,"1030.6"
"V1128","135.8",3,4,5,"$654.3 millones"
"V1129","48",1,4,7,"284.4"
"V1130","135.1",4,6,19,"$730.2 millones"
"V1131","130.3 m2",5,5,37,"$620.2 millones"
"V1132","184.8",4,6,10,"901.9"
"V1133","162.1",5,6,21,"$822.1 millones"
"V1134","135.7",5,5,5,"$653.1 millones"
"V1135","165.7 m2",4,3,34,"$758.3 millones"
"V1136",NA,5,5,12,"$821.5 millones"
"V1137","99.4 m2",3,2,8,"$441.9 millones"
"V1138","81.2 m2",2,6,15,"$456 millones"
"V1139","128.7",4,3,7,NA
"V1140","75.6 m2",2,2,12,"425.7"
"V1141","187.2",5,3,13,"$791.7 millones"
"V1142","104",3,3,24,"513.2"
"V1143",NA,1,4,9,"$204.6 millones"
"V1144","211",6,5,10,"$1007.9 millones"
"V1145","67.4 m2",3,3,13,"305.2"
"V1146","104.1",2,5,21,"$544 millones"
"V1147","147",3,6,37,"$762.6 millones"
"V1148","147.5 m2",4,4,31,"$713.6 millones"
"V1149","89",3,5,21,"431.3"
"V1150","52.1",2,2,4,"309.7"
"V1151","203.4",5,5,21,"968.6"
"V1152","141.8",5,2,19,"658.3"
"V1153","171.2 m2",5,2,8,"$792.5 millones"
"V1154","204.2",5,6,9,"995.2"
"V1155","128.1 m2",4,6,5,"$664.9 millones"
"V1156","97.5",4,5,12,"473.2"
"V1157","37.8 m2",1,2,13,"$224.3 millones"
"V1158","191.6 m2",6,5,4,"$953.4 millones"
"V1159","124.5 m2",3,4,5,"$618.6 millones"
"V1160","65.9 m2",2,3,13,"359.5"
"V1161","98.3",2,4,6,"460.9"
"V1162","65.4 m2",1,5,10,"$393.9 millones"
"V1163","114.6",3,4,22,"564.5"
"V1164","72.1",2,2,9,"$362.3 millones"
"V1165","48.1",3,4,13,"$252.4 millones"
"V1166","39.1",1,4,17,"$198.9 millones"
"V1167","159.7",5,6,6,"$787.5 millones"
"V1168","81",3,6,25,"$465.6 millones"
"V1169","54.1",2,3,21,"304.4"
"V1170","214.6 m2",6,5,26,"1066.5"
"V1171","105.1",2,5,9,"$538.9 millones"
"V1172","103.4",3,5,5,"513.6"
"V1173","151.5",6,6,16,"$803.1 millones"
"V1174","203.7",6,2,17,"$886.5 millones"
"V1175","67.2 m2",1,3,55,"$298.6 millones"
"V1176","131.9 m2",5,4,34,"$644.4 millones"
"V1177","165.4 m2",5,3,9,"$747.2 millones"
"V1178","102.5",3,3,7,"453.8"
"V1179","43.3",1,5,17,"$270.9 millones"
"V1180","148.8 m2",4,2,40,"$716.2 millones"
"V1181","25.5",1,5,6,"163.5"
"V1182","66.1 m2",2,3,8,"$315.4 millones"
"V1183","157.4",5,4,34,"$712.9 millones"
"V1184","193.9",5,3,36,"$933.3 millones"
"V1185","180.9 m2",5,2,13,"812.4"
"V1186","51.3",2,4,5,"261.7"
"V1187","100.6",3,2,9,"$451.4 millones"
"V1188","178.8",6,2,24,"797.8"
"V1189","160.1 m2",4,3,44,"$712.3 millones"
"V1190","140.9 m2",4,3,12,"$687.6 millones"
"V1191","49.2",2,4,8,NA
"V1192","133.2",3,3,14,"647.4"
"V1193","112.6 m2",4,2,13,"$507.4 millones"
"V1194","174.4",4,5,7,"875.9"
"V1195","30.1 m2",1,6,17,"$120.6 millones"
"V1196","63.1",2,4,28,"$355.4 millones"
"V1197","196.8",6,6,12,"972"
"V1198","46.4",1,5,17,"$258 millones"
"V1199","213.9",6,2,14,"$995.6 millones"
"V1200","100.1",2,3,16,"446"
